Id2,Geography,Total_Pop,Margin of Error; Total:,Males 16-19,Margin of Error; Male:,Male: - Enrolled in school:,Margin of Error; Male: - Enrolled in school:,Male: - Enrolled in school: - Employed,Margin of Error; Male: - Enrolled in school: - Employed,Male: - Enrolled in school: - Unemployed,Margin of Error; Male: - Enrolled in school: - Unemployed,Male: - Enrolled in school: - Not in labor force,Margin of Error; Male: - Enrolled in school: - Not in labor force,Male: - Not enrolled in school:,Margin of Error; Male: - Not enrolled in school:,Male: - Not enrolled in school: - High school graduate (includes equivalency):,Margin of Error; Male: - Not enrolled in school: - High school graduate (includes equivalency):,Male: - Not enrolled in school: - High school graduate (includes equivalency): - Employed,Margin of Error; Male: - Not enrolled in school: - High school graduate (includes equivalency): - Employed,Male: - Not enrolled in school: - High school graduate (includes equivalency): - Unemployed,Margin of Error; Male: - Not enrolled in school: - High school graduate (includes equivalency): - Unemployed,Male: - Not enrolled in school: - High school graduate (includes equivalency): - Not in labor force,Margin of Error; Male: - Not enrolled in school: - High school graduate (includes equivalency): - Not in labor force,Male: - Not enrolled in school: - Not high school graduate:,Margin of Error; Male: - Not enrolled in school: - Not high school graduate:,Male: - Not enrolled in school: - Not high school graduate: - Employed,Margin of Error; Male: - Not enrolled in school: - Not high school graduate: - Employed,Male: - Not enrolled in school: - Not high school graduate: - Unemployed,Margin of Error; Male: - Not enrolled in school: - Not high school graduate: - Unemployed,Male: - Not enrolled in school: - Not high school graduate: - Not in labor force,Margin of Error; Male: - Not enrolled in school: - Not high school graduate: - Not in labor force,Females 16-19,Margin of Error; Female:,Female: - Enrolled in school:,Margin of Error; Female: - Enrolled in school:,Female: - Enrolled in school: - Employed,Margin of Error; Female: - Enrolled in school: - Employed,Female: - Enrolled in school: - Unemployed,Margin of Error; Female: - Enrolled in school: - Unemployed,Female: - Enrolled in school: - Not in labor force,Margin of Error; Female: - Enrolled in school: - Not in labor force,Female: - Not enrolled in school:,Margin of Error; Female: - Not enrolled in school:,Female: - Not enrolled in school: - High school graduate (includes equivalency):,Margin of Error; Female: - Not enrolled in school: - High school graduate (includes equivalency):,Female: - Not enrolled in school: - High school graduate (includes equivalency): - Employed,Margin of Error; Female: - Not enrolled in school: - High school graduate (includes equivalency): - Employed,Female: - Not enrolled in school: - High school graduate (includes equivalency): - Unemployed,Margin of Error; Female: - Not enrolled in school: - High school graduate (includes equivalency): - Unemployed,Female: - Not enrolled in school: - High school graduate (includes equivalency): - Not in labor force,Margin of Error; Female: - Not enrolled in school: - High school graduate (includes equivalency): - Not in labor force,Female: - Not enrolled in school: - Not high school graduate:,Margin of Error; Female: - Not enrolled in school: - Not high school graduate:,Female: - Not enrolled in school: - Not high school graduate: - Employed,Margin of Error; Female: - Not enrolled in school: - Not high school graduate: - Employed,Female: - Not enrolled in school: - Not high school graduate: - Unemployed,Margin of Error; Female: - Not enrolled in school: - Not high school graduate: - Unemployed,Female: - Not enrolled in school: - Not high school graduate: - Not in labor force,Margin of Error; Female: - Not enrolled in school: - Not high school graduate: - Not in labor force,Males_Unemployed,Females_Unemployed,Total Not in School Unemployed Not in Labor Force,% 16-19 Pop Not in School Unemployed Not in Labor Force,% Males,% Females
63005,ZCTA5 63005,"1,236",202,635,141,628,140,161,49,14,22,453,116,7,10,3,7,3,7,0,17,0,17,4,7,4,7,0,17,0,17,601,141,601,141,144,70,85,114,372,105,0,17,0,17,0,17,0,17,0,17,0,17,0,17,0,17,0,17,0,0,0,0,,
63011,ZCTA5 63011,"1,971",293,"1,098",193,988,186,498,151,29,33,461,121,110,94,72,84,12,19,15,25,45,67,38,43,0,23,0,23,38,43,873,202,836,200,393,137,12,20,431,129,37,43,37,43,37,43,0,23,0,23,0,23,0,23,0,23,0,23,98,0,98,5,100,0
63017,ZCTA5 63017,"1,893",326,986,218,934,211,360,128,50,49,524,155,52,47,52,47,17,26,0,23,35,39,0,23,0,23,0,23,0,23,907,253,892,252,243,104,51,51,598,212,15,25,15,25,15,25,0,23,0,23,0,23,0,23,0,23,0,23,35,0,35,1.8,100,0
63021,ZCTA5 63021,"3,334",403,"1,560",258,"1,388",240,618,153,171,85,599,147,172,85,130,76,46,45,39,35,45,41,42,35,13,22,0,26,29,28,"1,774",334,"1,577",295,809,215,84,50,684,191,197,120,197,120,116,89,0,26,81,67,0,26,0,26,0,26,0,26,113,81,194,5.8,58.2,41.8
63025,ZCTA5 63025,761,168,322,107,312,107,115,60,23,27,174,65,10,16,10,16,10,16,0,17,0,17,0,17,0,17,0,17,0,17,439,138,422,136,111,59,0,17,311,136,17,28,17,28,0,17,0,17,17,28,0,17,0,17,0,17,0,17,0,17,17,2.2,0,100
63026,ZCTA5 63026,"2,300",318,"1,311",217,"1,168",217,460,149,101,57,607,168,143,82,143,82,101,68,42,50,0,23,0,23,0,23,0,23,0,23,989,217,975,215,346,129,55,39,574,171,14,18,5,10,5,10,0,23,0,23,9,15,9,15,0,23,0,23,42,0,42,1.8,100,0
63031,ZCTA5 63031,"2,900",376,"1,388",232,"1,191",225,356,122,209,114,626,173,197,114,116,83,26,29,52,61,38,46,81,74,0,23,50,60,31,45,"1,512",248,"1,373",268,504,180,121,65,748,167,139,100,91,86,77,85,0,23,14,25,48,60,11,21,37,57,0,23,171,51,222,7.7,77,23
63033,ZCTA5 63033,"2,755",372,"1,548",299,"1,373",288,271,116,281,147,821,248,175,121,116,91,47,55,0,23,69,72,59,80,0,23,0,23,59,80,"1,207",240,"1,141",246,397,210,162,134,582,182,66,55,31,30,31,30,0,23,0,23,35,52,0,23,0,23,35,52,128,35,163,5.9,78.5,21.5
63034,ZCTA5 63034,"1,191",261,593,188,524,182,131,99,14,20,379,146,69,56,41,48,0,17,17,26,24,40,28,35,24,34,4,7,0,17,598,193,557,189,175,105,64,54,318,151,41,40,41,40,0,17,0,17,41,40,0,17,0,17,0,17,0,17,45,41,86,7.2,52.3,47.7
63038,ZCTA5 63038,414,102,264,79,264,79,102,55,0,15,162,65,0,15,0,15,0,15,0,15,0,15,0,15,0,15,0,15,0,15,150,58,150,58,77,38,0,15,73,44,0,15,0,15,0,15,0,15,0,15,0,15,0,15,0,15,0,15,0,0,0,0,,
63040,ZCTA5 63040,546,130,284,86,262,86,45,37,33,32,184,82,22,26,14,22,14,22,0,15,0,15,8,14,8,14,0,15,0,15,262,104,262,104,118,58,0,15,144,79,0,15,0,15,0,15,0,15,0,15,0,15,0,15,0,15,0,15,0,0,0,0,,
63042,ZCTA5 63042,869,239,581,186,404,156,34,34,70,56,300,137,177,111,177,111,62,59,67,87,48,63,0,17,0,17,0,17,0,17,288,147,283,147,93,91,14,25,176,111,5,10,5,10,0,17,5,10,0,17,0,17,0,17,0,17,0,17,115,5,120,13.8,95.8,4.2
63043,ZCTA5 63043,790,228,428,158,356,158,165,105,0,20,191,111,72,65,72,65,72,65,0,20,0,20,0,20,0,20,0,20,0,20,362,165,358,166,74,51,28,28,256,157,4,12,4,12,4,12,0,20,0,20,0,20,0,20,0,20,0,20,0,0,0,0,,
63044,ZCTA5 63044,431,131,208,99,161,74,46,34,44,47,71,57,47,44,47,44,37,42,0,17,10,17,0,17,0,17,0,17,0,17,223,89,205,92,59,42,0,17,146,80,18,26,3,5,3,5,0,17,0,17,15,26,0,17,0,17,15,26,10,15,25,5.8,40,60
63045,ZCTA5 63045,0,11,0,11,0,11,0,11,0,11,0,11,0,11,0,11,0,11,0,11,0,11,0,11,0,11,0,11,0,11,0,11,0,11,0,11,0,11,0,11,0,11,0,11,0,11,0,11,0,11,0,11,0,11,0,11,0,11,0,0,0,,,
63049,ZCTA5 63049,674,203,397,144,368,137,199,100,34,32,135,78,29,32,16,24,0,17,16,24,0,17,13,21,0,17,0,17,13,21,277,104,214,92,81,62,58,49,75,52,63,48,44,39,44,39,0,17,0,17,19,30,19,30,0,17,0,17,29,0,29,4.3,100,0
63069,ZCTA5 63069,779,247,428,183,330,147,141,88,0,17,189,114,98,78,78,71,29,45,0,17,49,64,20,29,0,17,20,29,0,17,351,146,290,137,74,52,1,4,215,122,61,61,34,50,0,17,0,17,34,50,27,37,0,17,0,17,27,37,69,61,130,16.7,53.1,46.9
63074,ZCTA5 63074,688,205,302,145,206,97,41,46,0,17,165,104,96,103,96,103,96,103,0,17,0,17,0,17,0,17,0,17,0,17,386,139,297,135,82,57,27,34,188,119,89,90,42,53,32,51,0,17,10,18,47,72,0,17,47,72,0,17,0,57,57,8.3,0,100
63088,ZCTA5 63088,202,94,100,63,83,59,39,39,8,15,36,41,17,26,17,26,17,26,0,15,0,15,0,15,0,15,0,15,0,15,102,67,80,57,50,49,0,15,30,25,22,36,22,36,22,36,0,15,0,15,0,15,0,15,0,15,0,15,0,0,0,0,,
63105,ZCTA5 63105,"2,130",304,"1,140",176,"1,037",167,216,77,22,29,799,148,103,46,37,27,0,17,0,17,37,27,66,38,0,17,0,17,66,38,990,229,990,229,291,119,14,16,685,157,0,17,0,17,0,17,0,17,0,17,0,17,0,17,0,17,0,17,103,0,103,4.8,100,0
63114,ZCTA5 63114,"1,888",345,"1,099",259,700,186,92,46,39,35,569,175,399,190,228,149,158,125,44,42,26,41,171,117,65,75,11,20,95,85,789,190,630,161,288,126,21,21,321,104,159,86,139,80,61,49,41,45,37,49,20,28,20,28,0,23,0,23,176,78,254,13.5,69.3,30.7
63117,ZCTA5 63117,263,94,151,59,151,59,39,30,0,15,112,49,0,15,0,15,0,15,0,15,0,15,0,15,0,15,0,15,0,15,112,70,102,68,50,41,0,15,52,54,10,14,0,15,0,15,0,15,0,15,10,14,0,15,0,15,10,14,0,10,10,3.8,0,100
63119,ZCTA5 63119,"1,824",246,944,160,915,162,192,71,85,65,638,160,29,33,15,23,15,23,0,23,0,23,14,23,14,23,0,23,0,23,880,184,862,187,203,85,11,19,648,160,18,28,15,27,0,23,15,27,0,23,3,5,0,23,0,23,3,5,0,18,18,1,0,100
63121,ZCTA5 63121,"1,742",317,946,217,769,188,81,57,98,57,590,172,177,104,149,98,74,81,58,53,17,17,28,23,0,20,28,23,0,20,796,200,667,181,111,68,23,18,533,154,129,73,114,72,89,70,18,18,7,10,15,18,3,4,1,2,11,17,103,37,140,8,73.6,26.4
63122,ZCTA5 63122,"1,635",279,669,159,650,158,154,83,35,32,461,106,19,20,19,20,15,17,0,23,4,11,0,23,0,23,0,23,0,23,966,257,935,254,287,110,49,47,599,231,31,28,7,10,0,23,7,10,0,23,24,26,22,25,0,23,2,5,4,9,13,0.8,30.8,69.2
63123,ZCTA5 63123,"2,151",308,"1,139",224,"1,050",219,402,115,85,47,563,163,89,60,67,45,37,34,16,24,14,20,22,28,19,28,3,5,0,23,"1,012",193,956,196,378,108,86,52,492,154,56,36,13,20,13,20,0,23,0,23,43,37,0,23,15,24,28,27,33,43,76,3.5,43.4,56.6
63124,ZCTA5 63124,532,113,274,86,253,80,35,43,8,14,210,77,21,22,11,17,0,17,11,17,0,17,10,15,0,17,0,17,10,15,258,92,258,92,30,31,0,17,228,90,0,17,0,17,0,17,0,17,0,17,0,17,0,17,0,17,0,17,21,0,21,3.9,100,0
63125,ZCTA5 63125,"1,686",304,799,213,680,208,240,113,136,111,304,117,119,69,68,56,26,28,16,26,26,33,51,41,17,23,34,34,0,23,887,198,702,172,341,135,115,86,246,100,185,130,73,67,14,19,0,23,59,58,112,106,14,23,54,75,44,66,76,157,233,13.8,32.6,67.4
63126,ZCTA5 63126,669,192,360,136,262,103,44,34,27,29,191,94,98,89,98,89,0,17,51,60,47,69,0,17,0,17,0,17,0,17,309,119,253,90,91,46,0,17,162,74,56,66,56,66,56,66,0,17,0,17,0,17,0,17,0,17,0,17,98,0,98,14.6,100,0
63127,ZCTA5 63127,142,59,73,38,73,38,19,20,10,17,44,35,0,11,0,11,0,11,0,11,0,11,0,11,0,11,0,11,0,11,69,48,69,48,51,38,0,11,18,22,0,11,0,11,0,11,0,11,0,11,0,11,0,11,0,11,0,11,0,0,0,0,,
63128,ZCTA5 63128,"1,172",208,650,178,631,173,215,101,30,35,386,137,19,27,19,27,19,27,0,20,0,20,0,20,0,20,0,20,0,20,522,133,514,134,150,89,115,83,249,87,8,14,8,14,0,20,8,14,0,20,0,20,0,20,0,20,0,20,0,8,8,0.7,0,100
63129,ZCTA5 63129,"3,017",380,"1,727",289,"1,589",273,562,161,153,97,874,204,138,71,138,71,102,57,7,11,29,34,0,26,0,26,0,26,0,26,"1,290",230,"1,177",215,488,139,56,48,633,170,113,76,82,69,26,20,8,13,48,64,31,39,21,35,0,26,10,16,36,66,102,3.4,35.3,64.7
63130,ZCTA5 63130,"1,992",376,904,216,866,212,390,182,78,76,398,126,38,39,25,31,0,23,25,31,0,23,13,21,0,23,13,21,0,23,"1,088",345,"1,088",345,372,189,62,54,654,257,0,23,0,23,0,23,0,23,0,23,0,23,0,23,0,23,0,23,38,0,38,1.9,100,0
63131,ZCTA5 63131,"1,184",224,498,101,489,101,154,78,0,17,335,88,9,14,9,14,9,14,0,17,0,17,0,17,0,17,0,17,0,17,686,172,683,172,240,103,9,14,434,133,3,5,0,17,0,17,0,17,0,17,3,5,0,17,0,17,3,5,0,3,3,0.3,0,100
63132,ZCTA5 63132,607,160,272,92,217,79,44,38,12,21,161,66,55,59,12,18,12,18,0,17,0,17,43,55,33,51,0,17,10,17,335,138,276,124,129,96,0,17,147,59,59,50,59,50,41,41,0,17,18,27,0,17,0,17,0,17,0,17,10,18,28,4.6,35.7,64.3
63133,ZCTA5 63133,532,127,197,79,150,72,15,16,7,11,128,75,47,38,35,30,7,11,28,28,0,15,12,19,0,15,0,15,12,19,335,95,269,92,18,21,37,38,214,81,66,45,42,35,0,15,42,35,0,15,24,34,20,32,4,11,0,15,40,46,86,16.2,46.5,53.5
63134,ZCTA5 63134,855,211,396,136,307,108,79,54,2,3,226,105,89,80,86,80,42,60,31,48,13,21,3,6,0,17,3,6,0,17,459,153,400,145,43,33,65,53,292,129,59,62,15,24,15,24,0,17,0,17,44,55,0,17,0,17,44,55,47,44,91,10.6,51.6,48.4
63135,ZCTA5 63135,"1,490",270,776,194,591,167,111,61,149,97,331,130,185,112,79,82,54,77,25,34,0,20,106,85,14,18,9,15,83,82,714,206,578,180,81,63,63,62,434,158,136,100,107,94,21,25,0,20,86,99,29,32,6,10,0,20,23,31,117,109,226,15.2,51.8,48.2
63136,ZCTA5 63136,"3,121",377,"1,503",274,"1,063",230,28,26,284,129,751,185,440,151,284,124,80,67,162,112,42,41,156,93,19,28,41,40,96,63,"1,618",299,"1,337",301,386,186,177,116,774,244,281,142,224,129,104,76,55,69,65,54,57,56,7,13,0,23,50,54,341,170,511,16.4,66.7,33.3
63137,ZCTA5 63137,"1,302",337,573,243,511,235,45,40,108,82,358,208,62,85,55,84,0,20,0,20,55,84,7,11,0,20,7,11,0,20,729,222,620,213,82,86,130,96,408,158,109,90,79,78,39,43,40,64,0,20,30,46,0,20,0,20,30,46,62,70,132,10.1,47,53
63138,ZCTA5 63138,"1,038",276,539,189,466,166,55,54,136,101,275,128,73,69,47,53,45,53,0,20,2,6,26,40,26,40,0,20,0,20,499,185,409,165,92,72,163,126,154,78,90,85,90,85,53,57,37,62,0,20,0,20,0,20,0,20,0,20,2,37,39,3.8,5.1,94.9
63140,ZCTA5 63140,12,12,5,5,5,5,0,11,0,11,5,5,0,11,0,11,0,11,0,11,0,11,0,11,0,11,0,11,0,11,7,9,7,9,1,3,0,11,6,8,0,11,0,11,0,11,0,11,0,11,0,11,0,11,0,11,0,11,0,0,0,0,,
63141,ZCTA5 63141,"1,177",224,649,176,626,172,200,87,68,74,358,124,23,37,0,17,0,17,0,17,0,17,23,37,0,17,0,17,23,37,528,148,490,147,120,69,0,17,370,125,38,47,12,19,0,17,0,17,12,19,26,42,0,17,0,17,26,42,23,38,61,5.2,37.7,62.3
63143,ZCTA5 63143,330,127,133,93,56,46,22,23,15,23,19,26,77,67,69,65,33,37,36,55,0,15,8,15,0,15,8,15,0,15,197,102,144,93,57,70,47,55,40,32,53,65,44,63,44,63,0,15,0,15,9,15,0,15,0,15,9,15,44,9,53,16.1,83,17
63144,ZCTA5 63144,396,124,146,86,146,86,55,42,0,15,91,70,0,15,0,15,0,15,0,15,0,15,0,15,0,15,0,15,0,15,250,99,250,99,153,90,0,15,97,52,0,15,0,15,0,15,0,15,0,15,0,15,0,15,0,15,0,15,0,0,0,0,,
63146,ZCTA5 63146,"1,402",316,765,204,638,164,167,93,64,44,407,137,127,98,115,96,68,77,6,12,41,66,12,18,0,23,12,18,0,23,637,214,539,186,98,63,17,28,424,169,98,74,98,74,25,35,43,54,30,35,0,23,0,23,0,23,0,23,59,73,132,9.4,44.7,55.3
